name	domain	phylum	class	order	family	genus	species
6bc6521089c8c2cb883bae25cbb1e2bc	d__Bacteria	p__Firmicutes	c__Clostridia	o__Oscillospirales	f__[Eubacterium]_coprostanoligenes_group	g__[Eubacterium]_coprostanoligenes_group	s__Eubacterium_coprostanoligenes
d4637971d77c54bcc3dcd80477583bda	d__Bacteria	p__Firmicutes	c__Clostridia	o__Oscillospirales	f__[Eubacterium]_coprostanoligenes_group	g__[Eubacterium]_coprostanoligenes_group	s__Unknown
1287caf94ba9d05a396d95db9d070ff1	d__Bacteria	p__Firmicutes	c__Clostridia	o__Oscillospirales	f__[Eubacterium]_coprostanoligenes_group	g__[Eubacterium]_coprostanoligenes_group	s__Unknown
a448970de11b09c53971e6ae439c3e85	d__Bacteria	p__Firmicutes	c__Clostridia	o__Oscillospirales	f__[Eubacterium]_coprostanoligenes_group	g__[Eubacterium]_coprostanoligenes_group	s__Unknown
5881bb20a5699e35017633aa882befb5	d__Bacteria	p__Firmicutes	c__Negativicutes	o__Acidaminococcales	f__Acidaminococcaceae	g__Phascolarctobacterium	s__Phascolarctobacterium_faecium
0fbb9ba014e6537638b1abfa91c70058	d__Bacteria	p__Firmicutes	c__Negativicutes	o__Acidaminococcales	f__Acidaminococcaceae	g__Phascolarctobacterium	s__Phascolarctobacterium_sp.
668f606e44b668b5ce31ba64a3425db6	d__Bacteria	p__Firmicutes	c__Negativicutes	o__Acidaminococcales	f__Acidaminococcaceae	g__Phascolarctobacterium	s__Unknown
870e3e86d8a5238a99a82d3ef1ee459f	d__Bacteria	p__Firmicutes	c__Negativicutes	o__Acidaminococcales	f__Acidaminococcaceae	g__Phascolarctobacterium	s__Unknown
9005c656c6f29c1e95e891c2bda299b1	d__Bacteria	p__Firmicutes	c__Negativicutes	o__Acidaminococcales	f__Acidaminococcaceae	g__Phascolarctobacterium	s__Unknown
fd9180e5b6c1227ccc30265ba7fd373a	d__Bacteria	p__Firmicutes	c__Negativicutes	o__Acidaminococcales	f__Acidaminococcaceae	g__Phascolarctobacterium	s__Unknown
79116e7b3b111cdb87ff654ed0f7b3c9	d__Bacteria	p__Firmicutes	c__Negativicutes	o__Acidaminococcales	f__Acidaminococcaceae	g__Phascolarctobacterium	s__Unknown
4156ec3a101d348b95d764ef4a50d4fd	d__Bacteria	p__Firmicutes	c__Negativicutes	o__Acidaminococcales	f__Acidaminococcaceae	g__Phascolarctobacterium	s__Unknown
179db2b22eddd8756e864ba7f6987408	d__Bacteria	p__Firmicutes	c__Negativicutes	o__Acidaminococcales	f__Acidaminococcaceae	g__Phascolarctobacterium	s__Unknown
40dbd24c23e4af889b4fe9670a186bc5	d__Bacteria	p__Actinobacteriota	c__Actinobacteria	o__Actinomycetales	f__Actinomycetaceae	g__Actinomyces	s__Gleimia_europaea
1a971e2aaa9347d4c5d0ccc2d6169cf8	d__Bacteria	p__Actinobacteriota	c__Actinobacteria	o__Actinomycetales	f__Actinomycetaceae	g__Actinomyces	s__Schaalia_hyovaginalis
016ffba51c442e49dbc808f2043c4318	d__Bacteria	p__Actinobacteriota	c__Actinobacteria	o__Actinomycetales	f__Actinomycetaceae	g__Actinomyces	s__Schaalia_hyovaginalis
bfbaa9ca925bab81fe21b87a2750dab9	d__Bacteria	p__Actinobacteriota	c__Actinobacteria	o__Actinomycetales	f__Actinomycetaceae	g__Actinomyces	s__Unknown
bc5dc688aca3e85050859ccffb837227	d__Bacteria	p__Actinobacteriota	c__Actinobacteria	o__Actinomycetales	f__Actinomycetaceae	g__Trueperella	s__Unknown
1704b066b327ecc294c47130629f2072	d__Bacteria	p__Firmicutes	c__Bacilli	o__Lactobacillales	f__Aerococcaceae	g__Globicatella	s__Globicatella_sp.
c93b8025865633aaabd953e3b3fb7bd9	d__Bacteria	p__Proteobacteria	c__Gammaproteobacteria	o__Burkholderiales	f__Alcaligenaceae	g__Alcaligenaceae	s__Pelistega_suis
ae4e4c1686424d980b6521d927f714f6	d__Bacteria	p__Firmicutes	c__Clostridia	o__Peptostreptococcales-Tissierellales	f__Anaerovoracaceae	g__[Eubacterium]_nodatum_group	s__Unknown
d289785b4c403afba4fc750236d360d7	d__Bacteria	p__Firmicutes	c__Clostridia	o__Peptostreptococcales-Tissierellales	f__Anaerovoracaceae	g__Family_XIII_AD3011_group	s__metagenome
8125b532c63284f6270570cb72b595a8	d__Bacteria	p__Firmicutes	c__Clostridia	o__Peptostreptococcales-Tissierellales	f__Anaerovoracaceae	g__Family_XIII_AD3011_group	s__Unknown
3109797c4ac049f82aafc3bf400365e5	d__Bacteria	p__Firmicutes	c__Clostridia	o__Peptostreptococcales-Tissierellales	f__Anaerovoracaceae	g__Family_XIII_AD3011_group	s__Unknown
25efd02477d043a409fe6942c732681d	d__Bacteria	p__Firmicutes	c__Clostridia	o__Peptostreptococcales-Tissierellales	f__Anaerovoracaceae	g__Family_XIII_AD3011_group	s__Unknown
334f65f7ba984d4c036f2605cb89b36f	d__Bacteria	p__Firmicutes	c__Clostridia	o__Peptostreptococcales-Tissierellales	f__Anaerovoracaceae	g__Family_XIII_AD3011_group	s__Unknown
d6c733c7278fbcf720ec3c6e18675353	d__Bacteria	p__Firmicutes	c__Clostridia	o__Peptostreptococcales-Tissierellales	f__Anaerovoracaceae	g__Family_XIII_AD3011_group	s__Unknown
206d88ed4f749c2abd6b51b08f774662	d__Bacteria	p__Firmicutes	c__Clostridia	o__Peptostreptococcales-Tissierellales	f__Anaerovoracaceae	g__Family_XIII_AD3011_group	s__Unknown
840c33960ec98e9f04b286c8b42ae5d2	d__Bacteria	p__Firmicutes	c__Clostridia	o__Peptostreptococcales-Tissierellales	f__Anaerovoracaceae	g__Family_XIII_AD3011_group	s__Unknown
f715447e956079aeed951685512983e2	d__Bacteria	p__Firmicutes	c__Clostridia	o__Peptostreptococcales-Tissierellales	f__Anaerovoracaceae	g__Family_XIII_AD3011_group	s__Unknown
3a71435b057440a8167b9443e1ecae09	d__Bacteria	p__Firmicutes	c__Clostridia	o__Peptostreptococcales-Tissierellales	f__Anaerovoracaceae	g__Family_XIII_AD3011_group	s__Unknown
cfe883ee0c7173e44a3a63897d8ac48e	d__Bacteria	p__Firmicutes	c__Clostridia	o__Peptostreptococcales-Tissierellales	f__Anaerovoracaceae	g__Family_XIII_AD3011_group	s__Unknown
0a9d646a84dd1d10d126614c5a681826	d__Bacteria	p__Firmicutes	c__Clostridia	o__Peptostreptococcales-Tissierellales	f__Anaerovoracaceae	g__Family_XIII_UCG-001	s__Unknown
e313575e5203fd4de66f3a0811571628	d__Bacteria	p__Firmicutes	c__Clostridia	o__Peptostreptococcales-Tissierellales	f__Anaerovoracaceae	g__Mogibacterium	s__Unknown
977f324befe866126abf84aaa1f403d1	d__Bacteria	p__Firmicutes	c__Clostridia	o__Peptostreptococcales-Tissierellales	f__Anaerovoracaceae	g__Mogibacterium	s__Unknown
63d954ec5d5fb86353c8921f377ed493	d__Bacteria	p__Firmicutes	c__Clostridia	o__Peptostreptococcales-Tissierellales	f__Anaerovoracaceae	g__Mogibacterium	s__Unknown
d49f349c5f80d95da9d288a8a1f08419	d__Bacteria	p__Firmicutes	c__Clostridia	o__Peptostreptococcales-Tissierellales	f__Anaerovoracaceae	g__Unknown	s__Unknown
dc2eb3eecc3362b4761428762ce7e75a	d__Bacteria	p__Actinobacteriota	c__Coriobacteriia	o__Coriobacteriales	f__Atopobiaceae	g__Olsenella	s__metagenome
47d815614dc1d727c6dd93a81ef7a191	d__Bacteria	p__Actinobacteriota	c__Coriobacteriia	o__Coriobacteriales	f__Atopobiaceae	g__Olsenella	s__Unknown
c6ea4c2fa70d9a0846f1680c3a135b00	d__Bacteria	p__Actinobacteriota	c__Coriobacteriia	o__Coriobacteriales	f__Atopobiaceae	g__Unknown	s__Unknown
d9287ec6fa9b7e19be251a3fd02a41df	d__Bacteria	p__Bacteroidota	c__Bacteroidia	o__Bacteroidales	f__Bacteroidaceae	g__Bacteroides	s__Bacteroides_fluxus
1987461f02e9e566a58e2df6ae162ce1	d__Bacteria	p__Bacteroidota	c__Bacteroidia	o__Bacteroidales	f__Bacteroidaceae	g__Bacteroides	s__Bacteroides_fluxus
b14c3f748ff5130552acea8a2b12f29d	d__Bacteria	p__Bacteroidota	c__Bacteroidia	o__Bacteroidales	f__Bacteroidaceae	g__Bacteroides	s__Bacteroides_fragilis
d7d3cdd53799e5296423251aa8f5cb20	d__Bacteria	p__Bacteroidota	c__Bacteroidia	o__Bacteroidales	f__Bacteroidaceae	g__Bacteroides	s__Bacteroides_fragilis
f9bf25150c643d74e7af3bd8a65856ae	d__Bacteria	p__Bacteroidota	c__Bacteroidia	o__Bacteroidales	f__Bacteroidaceae	g__Bacteroides	s__Bacteroides_fragilis
1d2c73917fa75e19031e4371ada743ab	d__Bacteria	p__Bacteroidota	c__Bacteroidia	o__Bacteroidales	f__Bacteroidaceae	g__Bacteroides	s__Bacteroides_plebeius
a01b6188fb1fe6548a57a176ebbddf48	d__Bacteria	p__Bacteroidota	c__Bacteroidia	o__Bacteroidales	f__Bacteroidaceae	g__Bacteroides	s__Bacteroides_thetaiotaomicron
ddbf23c8c5653d14479d9bf997ef7e1b	d__Bacteria	p__Bacteroidota	c__Bacteroidia	o__Bacteroidales	f__Bacteroidaceae	g__Bacteroides	s__Bacteroides_uniformis
fd204f7a88e546b2288fb9b86489ba32	d__Bacteria	p__Bacteroidota	c__Bacteroidia	o__Bacteroidales	f__Bacteroidaceae	g__Bacteroides	s__Bacteroides_vulgatus
cc1f106dae404eca16e3b7d588d58645	d__Bacteria	p__Bacteroidota	c__Bacteroidia	o__Bacteroidales	f__Bacteroidaceae	g__Bacteroides	s__Bacteroides_vulgatus
0bc99abb6f4d2b5f010a14f69567d3de	d__Bacteria	p__Bacteroidota	c__Bacteroidia	o__Bacteroidales	f__Bacteroidaceae	g__Bacteroides	s__Unknown
e88fbfc77fa565546d3abfc6f4cc2a5c	d__Bacteria	p__Bacteroidota	c__Bacteroidia	o__Bacteroidales	f__Bacteroidaceae	g__Bacteroides	s__Unknown
66298e49f45a076cdae12ad8875e96ef	d__Bacteria	p__Bacteroidota	c__Bacteroidia	o__Bacteroidales	f__Bacteroidaceae	g__Bacteroides	s__Unknown
513635643a7f193db74ca89991174302	d__Bacteria	p__Bacteroidota	c__Bacteroidia	o__Bacteroidales	f__Bacteroidaceae	g__Bacteroides	s__Unknown
a305ef67142a9c4cd7f1b0a8bb582ae8	d__Bacteria	p__Bacteroidota	c__Bacteroidia	o__Bacteroidales	f__Bacteroidaceae	g__Bacteroides	s__Unknown
5c04477e87dcc289ad6b6b9af5d54a2d	d__Bacteria	p__Bacteroidota	c__Bacteroidia	o__Bacteroidales	f__Bacteroidaceae	g__Bacteroides	s__Unknown
b9263c11d3b792d4020602f452066a00	d__Bacteria	p__Bacteroidota	c__Bacteroidia	o__Bacteroidales	f__Bacteroidaceae	g__Bacteroides	s__Unknown
d8fd6902d80bcf9dcffa784601795928	d__Bacteria	p__Bacteroidota	c__Bacteroidia	o__Bacteroidales	f__Bacteroidaceae	g__Bacteroides	s__Unknown
56ed5fa6f74a726babc7b8d62683d8f4	d__Bacteria	p__Bacteroidota	c__Bacteroidia	o__Bacteroidales	f__Bacteroidaceae	g__Bacteroides	s__Unknown
da6db2844a36997ef007ad1a7651a4d3	d__Bacteria	p__Bacteroidota	c__Bacteroidia	o__Bacteroidales	f__Bacteroidaceae	g__Bacteroides	s__Unknown
93933564e96fb7f01184435465854f3e	d__Bacteria	p__Bacteroidota	c__Bacteroidia	o__Bacteroidales	f__Bacteroidaceae	g__Bacteroides	s__Unknown
e4b7a8f1acc5d4e484fc74a9ad1f9dc9	d__Bacteria	p__Bacteroidota	c__Bacteroidia	o__Bacteroidales	f__Bacteroidaceae	g__Bacteroides	s__Unknown
b42f0a7e9ce0930cc5b7c8466e02c926	d__Bacteria	p__Actinobacteriota	c__Actinobacteria	o__Bifidobacteriales	f__Bifidobacteriaceae	g__Bifidobacterium	s__Bifidobacterium_thermophilum
15f16dd0203a9787f9dfd6be07b941dc	d__Bacteria	p__Firmicutes	c__Clostridia	o__Oscillospirales	f__Butyricicoccaceae	g__Butyricicoccus	s__Unknown
f6f530f92555939ea54e52ff48dd49cb	d__Bacteria	p__Firmicutes	c__Clostridia	o__Oscillospirales	f__Butyricicoccaceae	g__Butyricicoccus	s__Unknown
9596eb8f99bb6230abec2355624f8a0f	d__Bacteria	p__Firmicutes	c__Clostridia	o__Oscillospirales	f__Butyricicoccaceae	g__UCG-008	s__Unknown
72fb5df516065353f331dc215ad098b4	d__Bacteria	p__Firmicutes	c__Clostridia	o__Oscillospirales	f__Butyricicoccaceae	g__UCG-009	s__Unknown
9e4e1c7c9d796d34088b1b2d213fb7d6	d__Bacteria	p__Campilobacterota	c__Campylobacteria	o__Campylobacterales	f__Campylobacteraceae	g__Campylobacter	s__Unknown
9ff71f83f0742c655c9a70fc4f81fce4	d__Bacteria	p__Firmicutes	c__Clostridia	o__Christensenellales	f__Christensenellaceae	g__Christensenellaceae_R-7_group	s__Unknown
cfbe6965764044ba7e0806f5b50a5e13	d__Bacteria	p__Firmicutes	c__Clostridia	o__Christensenellales	f__Christensenellaceae	g__Christensenellaceae_R-7_group	s__Unknown
2cdc4bf35baa16afc99e1dd1442b1491	d__Bacteria	p__Firmicutes	c__Clostridia	o__Christensenellales	f__Christensenellaceae	g__Christensenellaceae_R-7_group	s__Unknown
9d89ce6767da6c709b6497431a0962c6	d__Bacteria	p__Firmicutes	c__Clostridia	o__Christensenellales	f__Christensenellaceae	g__Christensenellaceae_R-7_group	s__Unknown
ed9cb3af0b6c85baf3c2131ebc754502	d__Bacteria	p__Firmicutes	c__Clostridia	o__Christensenellales	f__Christensenellaceae	g__Christensenellaceae_R-7_group	s__Unknown
cc40a1a06f503522cdcce5850c52a37e	d__Bacteria	p__Firmicutes	c__Clostridia	o__Christensenellales	f__Christensenellaceae	g__Christensenellaceae_R-7_group	s__Unknown
5a7f3d0fb2284b82b12edf021779d66f	d__Bacteria	p__Firmicutes	c__Clostridia	o__Christensenellales	f__Christensenellaceae	g__Christensenellaceae_R-7_group	s__Unknown
dfb1e53c12247f564224b46c09f39380	d__Bacteria	p__Firmicutes	c__Clostridia	o__Christensenellales	f__Christensenellaceae	g__Christensenellaceae_R-7_group	s__Unknown
7a0f6bd1ab87128b9f665f87d00ef381	d__Bacteria	p__Firmicutes	c__Clostridia	o__Christensenellales	f__Christensenellaceae	g__Christensenellaceae_R-7_group	s__Unknown
b88d9a5af9af7980623bf733091b46d2	d__Bacteria	p__Firmicutes	c__Clostridia	o__Christensenellales	f__Christensenellaceae	g__Christensenellaceae_R-7_group	s__Unknown
d5a11f5fc8ffbd7e1430e9606db3a93d	d__Bacteria	p__Firmicutes	c__Clostridia	o__Christensenellales	f__Christensenellaceae	g__Christensenellaceae_R-7_group	s__Unknown
b26a930bc4a44fa51310960f1b0ff468	d__Bacteria	p__Firmicutes	c__Clostridia	o__Christensenellales	f__Christensenellaceae	g__Christensenellaceae_R-7_group	s__Unknown
bfcdaa86cb4557ab99a1bbb7995f1440	d__Bacteria	p__Firmicutes	c__Clostridia	o__Christensenellales	f__Christensenellaceae	g__Christensenellaceae_R-7_group	s__Unknown
3cd32f9bd13f27c7129fbda0eef7687e	d__Bacteria	p__Firmicutes	c__Clostridia	o__Christensenellales	f__Christensenellaceae	g__Christensenellaceae_R-7_group	s__Unknown
4e85a55b8bb38f932732fb177eb4e231	d__Bacteria	p__Firmicutes	c__Clostridia	o__Christensenellales	f__Christensenellaceae	g__Unknown	s__Unknown
48f520199e2be5f51eff69650f3672a3	d__Bacteria	p__Firmicutes	c__Clostridia	o__Christensenellales	f__Christensenellaceae	g__Unknown	s__Unknown
0f1670c0893a582f95f3b17d38e371f2	d__Bacteria	p__Firmicutes	c__Clostridia	o__Clostridia_vadinBB60_group	f__Clostridia_vadinBB60_group	g__Clostridia_vadinBB60_group	s__Unknown
5f076b7dd5c156ad7db93b7b7751dccd	d__Bacteria	p__Firmicutes	c__Clostridia	o__Clostridiales	f__Clostridiaceae	g__Clostridium_sensu_stricto_1	s__Clostridium_baratii
3b8abb526ee0c0688eae90531a8e197e	d__Bacteria	p__Firmicutes	c__Clostridia	o__Clostridiales	f__Clostridiaceae	g__Clostridium_sensu_stricto_1	s__Clostridium_paraputrificum
121b72c11e4fef515ec416687443c090	d__Bacteria	p__Firmicutes	c__Clostridia	o__Clostridiales	f__Clostridiaceae	g__Clostridium_sensu_stricto_1	s__Clostridium_perfringens
d878a534a0acd9c3f7ae2bf7bc568556	d__Bacteria	p__Firmicutes	c__Clostridia	o__Clostridiales	f__Clostridiaceae	g__Clostridium_sensu_stricto_1	s__Clostridium_perfringens
341db8901f82f2a0d10b9a3c29b3beb4	d__Bacteria	p__Firmicutes	c__Clostridia	o__Clostridiales	f__Clostridiaceae	g__Clostridium_sensu_stricto_1	s__Clostridium_perfringens
57841c6a821617a3b046fcd78dbbfde6	d__Bacteria	p__Firmicutes	c__Clostridia	o__Clostridiales	f__Clostridiaceae	g__Clostridium_sensu_stricto_1	s__Clostridium_perfringens
7565fb16d6fa0d2fc9901c3ad7f7d233	d__Bacteria	p__Firmicutes	c__Clostridia	o__Clostridiales	f__Clostridiaceae	g__Clostridium_sensu_stricto_1	s__Clostridium_septicum
995f3a34ce29142a76b5eb71f9dfc8cc	d__Bacteria	p__Firmicutes	c__Clostridia	o__Clostridiales	f__Clostridiaceae	g__Clostridium_sensu_stricto_1	s__metagenome
4e29949fbf33f687665c7ec95d0b1b26	d__Bacteria	p__Firmicutes	c__Clostridia	o__Clostridiales	f__Clostridiaceae	g__Clostridium_sensu_stricto_1	s__Unknown
1ddd036b98f355d7f54facadaa9dff88	d__Bacteria	p__Firmicutes	c__Clostridia	o__Clostridiales	f__Clostridiaceae	g__Clostridium_sensu_stricto_1	s__Unknown
7789b3ae2973c4bd6e31fbe4eff91377	d__Bacteria	p__Firmicutes	c__Clostridia	o__Clostridiales	f__Clostridiaceae	g__Clostridium_sensu_stricto_1	s__Unknown
9f965a35fc9d69616021528c5d33fa67	d__Bacteria	p__Firmicutes	c__Clostridia	o__Clostridiales	f__Clostridiaceae	g__Clostridium_sensu_stricto_13	s__Clostridium_sp.
fc64b4b42f35bfb76f2a67f9243c157d	d__Bacteria	p__Proteobacteria	c__Gammaproteobacteria	o__Burkholderiales	f__Comamonadaceae	g__Comamonas	s__Unknown
f6fa5a05e075e12d726c333b0aeaee4f	d__Bacteria	p__Actinobacteriota	c__Coriobacteriia	o__Coriobacteriales	f__Coriobacteriaceae	g__Collinsella	s__Collinsella_sp.
50ee60eb855226343fc5b4c1dedd835f	d__Bacteria	p__Actinobacteriota	c__Coriobacteriia	o__Coriobacteriales	f__Coriobacteriaceae	g__Collinsella	s__Unknown
2256d92ff624f39c0c337b280191c653	d__Bacteria	p__Actinobacteriota	c__Coriobacteriia	o__Coriobacteriales	f__Coriobacteriaceae	g__Collinsella	s__Unknown
4b0bac2ba40c246438b7c70762af1bc0	d__Bacteria	p__Actinobacteriota	c__Actinobacteria	o__Corynebacteriales	f__Corynebacteriaceae	g__Corynebacterium	s__Corynebacterium_confusum
d27cf4d4e012c5987a183e1656507d56	d__Bacteria	p__Actinobacteriota	c__Actinobacteria	o__Corynebacteriales	f__Corynebacteriaceae	g__Corynebacterium	s__Corynebacterium_glucuronolyticum
e21fc8d6fb72d301fc9c60d5767cce74	d__Bacteria	p__Desulfobacterota	c__Desulfovibrionia	o__Desulfovibrionales	f__Desulfovibrionaceae	g__Bilophila	s__Unknown
f11e4b249d3509fda9217d682ead7a7d	d__Bacteria	p__Desulfobacterota	c__Desulfovibrionia	o__Desulfovibrionales	f__Desulfovibrionaceae	g__Desulfovibrio	s__Desulfovibrio_piger
8b9229721fdd17ae2673ab51edc2b1f2	d__Bacteria	p__Desulfobacterota	c__Desulfovibrionia	o__Desulfovibrionales	f__Desulfovibrionaceae	g__Desulfovibrio	s__Desulfovibrio_piger
8d753256b8dbfcb8e388cad5ebe48601	d__Bacteria	p__Actinobacteriota	c__Coriobacteriia	o__Coriobacteriales	f__Eggerthellaceae	g__DNF00809	s__Coriobacteriaceae_bacterium
a70006103d45cb52581f884142479a06	d__Bacteria	p__Actinobacteriota	c__Coriobacteriia	o__Coriobacteriales	f__Eggerthellaceae	g__Paraeggerthella	s__Unknown
ea1f8fed8b03e522371bc1636f3fdaa0	d__Bacteria	p__Actinobacteriota	c__Coriobacteriia	o__Coriobacteriales	f__Eggerthellaceae	g__Slackia	s__Slackia_isoflavoniconvertens
875529beb307c8bf6e86b21223e812c4	d__Bacteria	p__Actinobacteriota	c__Coriobacteriia	o__Coriobacteriales	f__Eggerthellaceae	g__Unknown	s__Unknown
ef97957e9fa53e3eb7965de0a0bf4931	d__Bacteria	p__Actinobacteriota	c__Coriobacteriia	o__Coriobacteriales	f__Eggerthellaceae	g__Unknown	s__Unknown
2f4a2b08eec8d8d5f66dc0d20552881f	d__Bacteria	p__Proteobacteria	c__Gammaproteobacteria	o__Enterobacterales	f__Enterobacteriaceae	g__Escherichia-Shigella	s__Unknown
4982bbaf199abfd1057d12302f1c1321	d__Bacteria	p__Proteobacteria	c__Gammaproteobacteria	o__Enterobacterales	f__Enterobacteriaceae	g__Escherichia-Shigella	s__Unknown
adc085fb68c6ca79a17867f7d5dfe238	d__Bacteria	p__Proteobacteria	c__Gammaproteobacteria	o__Enterobacterales	f__Enterobacteriaceae	g__Escherichia-Shigella	s__Unknown
f0a8debd3669285bdc66977b48892c03	d__Bacteria	p__Proteobacteria	c__Gammaproteobacteria	o__Enterobacterales	f__Enterobacteriaceae	g__Escherichia-Shigella	s__Unknown
a44dbd6a9c3bb8a5375fd096a5594a0c	d__Bacteria	p__Proteobacteria	c__Gammaproteobacteria	o__Enterobacterales	f__Enterobacteriaceae	g__Escherichia-Shigella	s__Unknown
6c50dd3cf297cf30eaf754d064def0bb	d__Bacteria	p__Proteobacteria	c__Gammaproteobacteria	o__Enterobacterales	f__Enterobacteriaceae	g__Klebsiella	s__Unknown
18a9028dff6d3759193ec26771449c1c	d__Bacteria	p__Proteobacteria	c__Gammaproteobacteria	o__Enterobacterales	f__Enterobacteriaceae	g__Klebsiella	s__Unknown
bb37db43a4cba4e7297f7ea91a9c16c9	d__Bacteria	p__Proteobacteria	c__Gammaproteobacteria	o__Enterobacterales	f__Enterobacteriaceae	g__Klebsiella	s__Unknown
7219a43ab421554e3dd641b11f5049d1	d__Bacteria	p__Proteobacteria	c__Gammaproteobacteria	o__Enterobacterales	f__Enterobacteriaceae	g__Klebsiella	s__Unknown
95e0ee1a5a8a0ee827154e1229f41bae	d__Bacteria	p__Proteobacteria	c__Gammaproteobacteria	o__Enterobacterales	f__Enterobacteriaceae	g__Unknown	s__Unknown
a6b5187862c4e3f01f717a945fca3446	d__Bacteria	p__Proteobacteria	c__Gammaproteobacteria	o__Enterobacterales	f__Enterobacteriaceae	g__Unknown	s__Unknown
2c234c87c5882dd4f414aec10fa936c2	d__Bacteria	p__Firmicutes	c__Bacilli	o__Lactobacillales	f__Enterococcaceae	g__Enterococcus	s__Enterococcus_cecorum
03c754fac4a4ca64dab588197ffa676a	d__Bacteria	p__Firmicutes	c__Bacilli	o__Lactobacillales	f__Enterococcaceae	g__Enterococcus	s__Enterococcus_cecorum
90270fa8262e55642534984b3efb9fa8	d__Bacteria	p__Firmicutes	c__Bacilli	o__Lactobacillales	f__Enterococcaceae	g__Enterococcus	s__Unknown
c6cdc71a1f7376db5a843ade152ed641	d__Bacteria	p__Firmicutes	c__Bacilli	o__Lactobacillales	f__Enterococcaceae	g__Enterococcus	s__Unknown
be2946f08ac575e606a32cc7febf468b	d__Bacteria	p__Firmicutes	c__Bacilli	o__Lactobacillales	f__Enterococcaceae	g__Enterococcus	s__Unknown
106e6b17a6a866f059edb6046bdfd2ed	d__Bacteria	p__Firmicutes	c__Bacilli	o__Lactobacillales	f__Enterococcaceae	g__Enterococcus	s__Unknown
4b08e31abdee19fe2bcc4b3a7a0f72b7	d__Bacteria	p__Firmicutes	c__Bacilli	o__Lactobacillales	f__Enterococcaceae	g__Enterococcus	s__Unknown
0c00820999ec92c05206c90eb0eac6b5	d__Bacteria	p__Firmicutes	c__Bacilli	o__Erysipelotrichales	f__Erysipelatoclostridiaceae	g__Catenibacterium	s__Unknown
a018eb1d8afceb2751d3b92b22f4d35f	d__Bacteria	p__Firmicutes	c__Bacilli	o__Erysipelotrichales	f__Erysipelatoclostridiaceae	g__Erysipelatoclostridium	s__Erysipelatoclostridium_ramosum
1b171fde0f2038f92fb171618950aad6	d__Bacteria	p__Firmicutes	c__Bacilli	o__Erysipelotrichales	f__Erysipelotrichaceae	g__[Anaerorhabdus]_furcosa_group	s__Unknown
4cc4dd9379f5b4afc4f4397ac0baaed7	d__Bacteria	p__Firmicutes	c__Bacilli	o__Erysipelotrichales	f__Erysipelotrichaceae	g__[Clostridium]_innocuum_group	s__Unknown
686c4f8f0868958cc88ef9c3673ac0bd	d__Bacteria	p__Firmicutes	c__Bacilli	o__Erysipelotrichales	f__Erysipelotrichaceae	g__[Clostridium]_innocuum_group	s__Unknown
c3213b57948bb2004488488c438d1805	d__Bacteria	p__Firmicutes	c__Bacilli	o__Erysipelotrichales	f__Erysipelotrichaceae	g__Catenisphaera	s__Unknown
f1a5e5daf09d37be2e9a1aaf68da7e39	d__Bacteria	p__Firmicutes	c__Bacilli	o__Erysipelotrichales	f__Erysipelotrichaceae	g__Erysipelotrichaceae_UCG-006	s__Unknown
af5832f9efeb5a266fc8b7d2835ecbb7	d__Bacteria	p__Firmicutes	c__Bacilli	o__Erysipelotrichales	f__Erysipelotrichaceae	g__Faecalicoccus	s__Faecalicoccus_pleomorphus
3adb077f92f2de9be0352d3ce1037e9c	d__Bacteria	p__Firmicutes	c__Bacilli	o__Erysipelotrichales	f__Erysipelotrichaceae	g__Holdemanella	s__Unknown
11fb5435de9654fcd1ba0ca103e584a3	d__Bacteria	p__Firmicutes	c__Bacilli	o__Erysipelotrichales	f__Erysipelotrichaceae	g__Holdemanella	s__Unknown
1614e1a4b9cbc209b72de4133ee0006f	d__Bacteria	p__Firmicutes	c__Bacilli	o__Erysipelotrichales	f__Erysipelotrichaceae	g__Solobacterium	s__Unknown
f67d6e431eb6e979bed010f369cfdab5	d__Bacteria	p__Firmicutes	c__Bacilli	o__Erysipelotrichales	f__Erysipelotrichaceae	g__Turicibacter	s__Unknown
aee87336187eb39a218e68d008de9aac	d__Bacteria	p__Firmicutes	c__Bacilli	o__Erysipelotrichales	f__Erysipelotrichaceae	g__Unknown	s__Erysipelotrichaceae_bacterium
ee108f0d70c73888ec3a23c1d4c52689	d__Bacteria	p__Firmicutes	c__Bacilli	o__Erysipelotrichales	f__Erysipelotrichaceae	g__Unknown	s__Unknown
dcead6dff2a4216ac275f636ea82949d	d__Bacteria	p__Firmicutes	c__Bacilli	o__Erysipelotrichales	f__Erysipelotrichaceae	g__Unknown	s__Unknown
ef7b72319a0482385820220f6efda11c	d__Bacteria	p__Firmicutes	c__Bacilli	o__Erysipelotrichales	f__Erysipelotrichaceae	g__Unknown	s__Unknown
da7221f031cc54ef69fc01d26fe803fa	d__Bacteria	p__Firmicutes	c__Bacilli	o__Erysipelotrichales	f__Erysipelotrichaceae	g__Unknown	s__Unknown
08e2bf9e495f4b5f9cc7d3033463a657	d__Bacteria	p__Fusobacteriota	c__Fusobacteriia	o__Fusobacteriales	f__Fusobacteriaceae	g__Fusobacterium	s__Fusobacterium_gastrosuis
bd2eb093a44ae4b83e0a828180924d76	d__Bacteria	p__Fusobacteriota	c__Fusobacteriia	o__Fusobacteriales	f__Fusobacteriaceae	g__Fusobacterium	s__Fusobacterium_mortiferum
8f16b9226a36bea8cfd37d863d749252	d__Bacteria	p__Fusobacteriota	c__Fusobacteriia	o__Fusobacteriales	f__Fusobacteriaceae	g__Fusobacterium	s__Fusobacterium_mortiferum
c5e8adbc179ef75642a461f39608e540	d__Bacteria	p__Fusobacteriota	c__Fusobacteriia	o__Fusobacteriales	f__Fusobacteriaceae	g__Fusobacterium	s__Fusobacterium_necrophorum
0ec560dddb8926df6e8219674207cde2	d__Bacteria	p__Fusobacteriota	c__Fusobacteriia	o__Fusobacteriales	f__Fusobacteriaceae	g__Fusobacterium	s__Fusobacterium_varium
16d24e5b9123f652f7632b720dbc4bab	d__Bacteria	p__Fusobacteriota	c__Fusobacteriia	o__Fusobacteriales	f__Fusobacteriaceae	g__Fusobacterium	s__Unknown
4d94750573527a814c97025e4db0d360	d__Bacteria	p__Firmicutes	c__Bacilli	o__Staphylococcales	f__Gemellaceae	g__Gemella	s__Unknown
0b4df5ef69af5fa17591d916c56725ed	d__Bacteria	p__Firmicutes	c__Clostridia	o__Lachnospirales	f__Lachnospiraceae	g__[Eubacterium]_fissicatena_group	s__Unknown
5d1cd61dec7d1a29624c7d613710ddec	d__Bacteria	p__Firmicutes	c__Clostridia	o__Lachnospirales	f__Lachnospiraceae	g__[Eubacterium]_fissicatena_group	s__Unknown
7df5cbcb58e6cb3729136bd55fce43be	d__Bacteria	p__Firmicutes	c__Clostridia	o__Lachnospirales	f__Lachnospiraceae	g__[Eubacterium]_fissicatena_group	s__Unknown
ae509d0dd0fd8d47a36a9223606998f5	d__Bacteria	p__Firmicutes	c__Clostridia	o__Lachnospirales	f__Lachnospiraceae	g__[Eubacterium]_hallii_group	s__Unknown
c01510bff7b77875a8b1558ee4d6530d	d__Bacteria	p__Firmicutes	c__Clostridia	o__Lachnospirales	f__Lachnospiraceae	g__[Ruminococcus]_gauvreauii_group	s__Unknown
2058af60e5f34a3dff5e2c15eb099ab2	d__Bacteria	p__Firmicutes	c__Clostridia	o__Lachnospirales	f__Lachnospiraceae	g__[Ruminococcus]_gauvreauii_group	s__Unknown
5c0644f23e7db04b7c8bd37098828313	d__Bacteria	p__Firmicutes	c__Clostridia	o__Lachnospirales	f__Lachnospiraceae	g__[Ruminococcus]_torques_group	s__Unknown
ff7008e0758ad4e31fc71663fead0d80	d__Bacteria	p__Firmicutes	c__Clostridia	o__Lachnospirales	f__Lachnospiraceae	g__[Ruminococcus]_torques_group	s__Unknown
c772f77b4e6c5049cd097f9f06d27ba8	d__Bacteria	p__Firmicutes	c__Clostridia	o__Lachnospirales	f__Lachnospiraceae	g__Acetitomaculum	s__Unknown
f14c600f5aafa1b5920d43ab0207f48a	d__Bacteria	p__Firmicutes	c__Clostridia	o__Lachnospirales	f__Lachnospiraceae	g__Acetitomaculum	s__Unknown
e4bd37c21a4cfec8fde2158653a09d67	d__Bacteria	p__Firmicutes	c__Clostridia	o__Lachnospirales	f__Lachnospiraceae	g__Blautia	s__Ruminococcus_sp.
2a231f08891292ebf633fb67c2243110	d__Bacteria	p__Firmicutes	c__Clostridia	o__Lachnospirales	f__Lachnospiraceae	g__Blautia	s__Unknown
8a2950244650b024368aa8174145ba33	d__Bacteria	p__Firmicutes	c__Clostridia	o__Lachnospirales	f__Lachnospiraceae	g__Blautia	s__Unknown
40e2b88528648f5d6907860fece4c6d0	d__Bacteria	p__Firmicutes	c__Clostridia	o__Lachnospirales	f__Lachnospiraceae	g__Blautia	s__Unknown
af3e531597aa05365688feb294119c3e	d__Bacteria	p__Firmicutes	c__Clostridia	o__Lachnospirales	f__Lachnospiraceae	g__Blautia	s__Unknown
38f9479d2f37d1036274704b09d2e3c5	d__Bacteria	p__Firmicutes	c__Clostridia	o__Lachnospirales	f__Lachnospiraceae	g__Blautia	s__Unknown
2ca8355c6494d4feed154b4cb4d86182	d__Bacteria	p__Firmicutes	c__Clostridia	o__Lachnospirales	f__Lachnospiraceae	g__Blautia	s__Unknown
fc3f94d37bdfd7ab96875a6fe0d8ea16	d__Bacteria	p__Firmicutes	c__Clostridia	o__Lachnospirales	f__Lachnospiraceae	g__CAG-56	s__Unknown
45c5edd51be1ecc155c9f12c0374f5b2	d__Bacteria	p__Firmicutes	c__Clostridia	o__Lachnospirales	f__Lachnospiraceae	g__Dorea	s__Dorea_formicigenerans
c2e205dabca2d918cb1298324e799842	d__Bacteria	p__Firmicutes	c__Clostridia	o__Lachnospirales	f__Lachnospiraceae	g__Dorea	s__Unknown
0ae1308cf1201de65c4edfcd616e89b2	d__Bacteria	p__Firmicutes	c__Clostridia	o__Lachnospirales	f__Lachnospiraceae	g__Fusicatenibacter	s__Unknown
a488d5868a1b8f86a3f162da95bc1814	d__Bacteria	p__Firmicutes	c__Clostridia	o__Lachnospirales	f__Lachnospiraceae	g__Howardella	s__Catonella_sp.
d05f7e85289dcff3863232f0b534e7fe	d__Bacteria	p__Firmicutes	c__Clostridia	o__Lachnospirales	f__Lachnospiraceae	g__Howardella	s__Unknown
88b29218e2c5d84df9a59ae2d1aff494	d__Bacteria	p__Firmicutes	c__Clostridia	o__Lachnospirales	f__Lachnospiraceae	g__Hungatella	s__Unknown
f1bd488eb34598e0be5e4aa921c90697	d__Bacteria	p__Firmicutes	c__Clostridia	o__Lachnospirales	f__Lachnospiraceae	g__Lachnoclostridium	s__[Clostridium]_aldenense
b71432e541e7d85f93b2bce13c9edcfe	d__Bacteria	p__Firmicutes	c__Clostridia	o__Lachnospirales	f__Lachnospiraceae	g__Lachnoclostridium	s__[Clostridium]_aldenense
3edc8b4aaa3dfa2e6c4524e8771d1187	d__Bacteria	p__Firmicutes	c__Clostridia	o__Lachnospirales	f__Lachnospiraceae	g__Lachnoclostridium	s__[Clostridium]_scindens
ffeae2fdd8c2c7b1d1c1c1d7a33944c8	d__Bacteria	p__Firmicutes	c__Clostridia	o__Lachnospirales	f__Lachnospiraceae	g__Lachnoclostridium	s__Unknown
becf6fb3c5b2265bcad513520ba0e523	d__Bacteria	p__Firmicutes	c__Clostridia	o__Lachnospirales	f__Lachnospiraceae	g__Lachnoclostridium	s__Unknown
cf1fb7065ef25beb6099a71f58e7a823	d__Bacteria	p__Firmicutes	c__Clostridia	o__Lachnospirales	f__Lachnospiraceae	g__Lachnoclostridium	s__Unknown
b48d7b8500bdd26e14f643f9d269475b	d__Bacteria	p__Firmicutes	c__Clostridia	o__Lachnospirales	f__Lachnospiraceae	g__Lachnoclostridium	s__Unknown
c106ca8cc1b8637c31aa4f5f074c819d	d__Bacteria	p__Firmicutes	c__Clostridia	o__Lachnospirales	f__Lachnospiraceae	g__Lachnoclostridium	s__Unknown
e3f15a31d00f35643d35f2ad9a7a615c	d__Bacteria	p__Firmicutes	c__Clostridia	o__Lachnospirales	f__Lachnospiraceae	g__Lachnospiraceae_FCS020_group	s__Unknown
bd60242090923d7b1d4a3aa95204a2f3	d__Bacteria	p__Firmicutes	c__Clostridia	o__Lachnospirales	f__Lachnospiraceae	g__Lachnospiraceae_UCG-001	s__Unknown
09acb498074d9f7672e4622662a81d30	d__Bacteria	p__Firmicutes	c__Clostridia	o__Lachnospirales	f__Lachnospiraceae	g__Lachnospiraceae_UCG-010	s__Unknown
4fb60dabdeb2a9be51713fb3d01953b9	d__Bacteria	p__Firmicutes	c__Clostridia	o__Lachnospirales	f__Lachnospiraceae	g__Marvinbryantia	s__Unknown
476ceba2d08ffbc3ef74783380c292f3	d__Bacteria	p__Firmicutes	c__Clostridia	o__Lachnospirales	f__Lachnospiraceae	g__Marvinbryantia	s__Unknown
8584dcfa823b6a48b36694b39b5a0361	d__Bacteria	p__Firmicutes	c__Clostridia	o__Lachnospirales	f__Lachnospiraceae	g__Marvinbryantia	s__Unknown
24766c86f81be89436d8c6699cfbd471	d__Bacteria	p__Firmicutes	c__Clostridia	o__Lachnospirales	f__Lachnospiraceae	g__Roseburia	s__Unknown
a4d98ca36dc66a0161e195b9a625b708	d__Bacteria	p__Firmicutes	c__Clostridia	o__Lachnospirales	f__Lachnospiraceae	g__Roseburia	s__Unknown
46770c35864882eff8347cac975028bb	d__Bacteria	p__Firmicutes	c__Clostridia	o__Lachnospirales	f__Lachnospiraceae	g__Tyzzerella	s__Anaerotignum_lactatifermentans
f1d10bfa443393cfe67263894c84e566	d__Bacteria	p__Firmicutes	c__Clostridia	o__Lachnospirales	f__Lachnospiraceae	g__Tyzzerella	s__Unknown
9732c9021b0e111bfb1f7bce816ded97	d__Bacteria	p__Firmicutes	c__Clostridia	o__Lachnospirales	f__Lachnospiraceae	g__Unknown	s__bacterium_enrichment
c44a021a235e7cd16a44bacc8e0179ea	d__Bacteria	p__Firmicutes	c__Clostridia	o__Lachnospirales	f__Lachnospiraceae	g__Unknown	s__Unknown
47ccb2833a33bd0f46183b2da83357d9	d__Bacteria	p__Firmicutes	c__Clostridia	o__Lachnospirales	f__Lachnospiraceae	g__Unknown	s__Unknown
399343c8eb3905300b61a459f4869693	d__Bacteria	p__Firmicutes	c__Clostridia	o__Lachnospirales	f__Lachnospiraceae	g__Unknown	s__Unknown
a945d35ffe619d3a81c9ea829fc1de55	d__Bacteria	p__Firmicutes	c__Clostridia	o__Lachnospirales	f__Lachnospiraceae	g__Unknown	s__Unknown
50f31ae556c607afe407e6610551f887	d__Bacteria	p__Firmicutes	c__Clostridia	o__Lachnospirales	f__Lachnospiraceae	g__Unknown	s__Unknown
f51f80a6af0ddd1d55a5d06b6f395f6b	d__Bacteria	p__Firmicutes	c__Clostridia	o__Lachnospirales	f__Lachnospiraceae	g__Unknown	s__Unknown
b468b20b651c06e4039b9207095dab01	d__Bacteria	p__Firmicutes	c__Clostridia	o__Lachnospirales	f__Lachnospiraceae	g__Unknown	s__Unknown
6893e72da854e971a841067ce1305054	d__Bacteria	p__Firmicutes	c__Clostridia	o__Lachnospirales	f__Lachnospiraceae	g__Unknown	s__Unknown
e14a8d0d5884090769e78d223692d56d	d__Bacteria	p__Firmicutes	c__Clostridia	o__Lachnospirales	f__Lachnospiraceae	g__Unknown	s__Unknown
859a0fdb0cc1d18e0ae9ad5d2b188e4e	d__Bacteria	p__Firmicutes	c__Clostridia	o__Lachnospirales	f__Lachnospiraceae	g__Unknown	s__Unknown
32c56a06d1e537b84732fb09c434c34b	d__Bacteria	p__Firmicutes	c__Clostridia	o__Lachnospirales	f__Lachnospiraceae	g__Unknown	s__Unknown
1a8c6fece7040cdd008cb14a3b9ff098	d__Bacteria	p__Firmicutes	c__Bacilli	o__Lactobacillales	f__Lactobacillaceae	g__Lactobacillus	s__Lactobacillus_amylovorus
042ce2db0e789694e5f8aed568e657f3	d__Bacteria	p__Firmicutes	c__Bacilli	o__Lactobacillales	f__Lactobacillaceae	g__Lactobacillus	s__Lactobacillus_coleohominis
d10e600a22f528b28359cf0f39fe2f0d	d__Bacteria	p__Firmicutes	c__Bacilli	o__Lactobacillales	f__Lactobacillaceae	g__Lactobacillus	s__Lactobacillus_coleohominis
dc321ba26ae80fdc3a6fec5ec4a82005	d__Bacteria	p__Firmicutes	c__Bacilli	o__Lactobacillales	f__Lactobacillaceae	g__Lactobacillus	s__Lactobacillus_delbrueckii
1be8237814163ee66e18dbb76acac7f2	d__Bacteria	p__Firmicutes	c__Bacilli	o__Lactobacillales	f__Lactobacillaceae	g__Lactobacillus	s__Lactobacillus_delbrueckii
80110e8f50dd28c93e9a542b7a7ee438	d__Bacteria	p__Firmicutes	c__Bacilli	o__Lactobacillales	f__Lactobacillaceae	g__Lactobacillus	s__Lactobacillus_delbrueckii
90777bda2b0cf18835b30894d239507d	d__Bacteria	p__Firmicutes	c__Bacilli	o__Lactobacillales	f__Lactobacillaceae	g__Lactobacillus	s__Lactobacillus_delbrueckii
b803764a3bf4c19193100cbe10778b1b	d__Bacteria	p__Firmicutes	c__Bacilli	o__Lactobacillales	f__Lactobacillaceae	g__Lactobacillus	s__Lactobacillus_johnsonii
6c7a7724773d8ff99763aafa0a02ece2	d__Bacteria	p__Firmicutes	c__Bacilli	o__Lactobacillales	f__Lactobacillaceae	g__Lactobacillus	s__Lactobacillus_mucosae
ebe4222a8c7bd7382b447a9aeeee5541	d__Bacteria	p__Firmicutes	c__Bacilli	o__Lactobacillales	f__Lactobacillaceae	g__Lactobacillus	s__Lactobacillus_mucosae
f83fc2b97a56394c59dfd84c50150bf5	d__Bacteria	p__Firmicutes	c__Bacilli	o__Lactobacillales	f__Lactobacillaceae	g__Lactobacillus	s__Lactobacillus_mucosae
ee30f196909b7ac2d6d84fe085701f92	d__Bacteria	p__Firmicutes	c__Bacilli	o__Lactobacillales	f__Lactobacillaceae	g__Lactobacillus	s__Lactobacillus_mucosae
4f315ca08c78b15fd8b1654530119399	d__Bacteria	p__Firmicutes	c__Bacilli	o__Lactobacillales	f__Lactobacillaceae	g__Lactobacillus	s__Lactobacillus_mucosae
5d94b9f40b5d0adaa55171efad8c5406	d__Bacteria	p__Firmicutes	c__Bacilli	o__Lactobacillales	f__Lactobacillaceae	g__Lactobacillus	s__Lactobacillus_mucosae
34272e5acf8bda74002ed691482dd980	d__Bacteria	p__Firmicutes	c__Bacilli	o__Lactobacillales	f__Lactobacillaceae	g__Lactobacillus	s__Lactobacillus_reuteri
e13c4d6b4da9284d21ddc97ff95edde0	d__Bacteria	p__Firmicutes	c__Bacilli	o__Lactobacillales	f__Lactobacillaceae	g__Lactobacillus	s__Lactobacillus_reuteri
78c1e2ea9015c466f63ea0671a0ffef9	d__Bacteria	p__Firmicutes	c__Bacilli	o__Lactobacillales	f__Lactobacillaceae	g__Lactobacillus	s__Lactobacillus_reuteri
e8415a199ab90776882473a8db25dd11	d__Bacteria	p__Firmicutes	c__Bacilli	o__Lactobacillales	f__Lactobacillaceae	g__Lactobacillus	s__Lactobacillus_reuteri
1fa6714842d6f3a52ca024696db96937	d__Bacteria	p__Firmicutes	c__Bacilli	o__Lactobacillales	f__Lactobacillaceae	g__Lactobacillus	s__Lactobacillus_reuteri
983221711f529bb7d73fcffec66c0293	d__Bacteria	p__Firmicutes	c__Bacilli	o__Lactobacillales	f__Lactobacillaceae	g__Lactobacillus	s__Lactobacillus_salivarius
118388cf3b59ee7c53f5bcc5b7a73b34	d__Bacteria	p__Firmicutes	c__Bacilli	o__Lactobacillales	f__Lactobacillaceae	g__Lactobacillus	s__Lactobacillus_salivarius
28c7511e3aaceabdc7da80893db9b518	d__Bacteria	p__Firmicutes	c__Bacilli	o__Lactobacillales	f__Lactobacillaceae	g__Lactobacillus	s__Unknown
13f6eecdfe805718d195b96dfb3a3e2b	d__Bacteria	p__Bacteroidota	c__Bacteroidia	o__Bacteroidales	f__Marinifilaceae	g__Butyricimonas	s__Unknown
b74710c57e3811bf98136a6f1b64347d	d__Bacteria	p__Bacteroidota	c__Bacteroidia	o__Bacteroidales	f__Marinifilaceae	g__Butyricimonas	s__Unknown
d3aadd55dc0df4d4dc2fc35ba1a646fd	d__Bacteria	p__Bacteroidota	c__Bacteroidia	o__Bacteroidales	f__Marinifilaceae	g__Odoribacter	s__Unknown
91dc84ebadabc9153b19cf300cbfa59b	d__Archaea	p__Euryarchaeota	c__Methanobacteria	o__Methanobacteriales	f__Methanobacteriaceae	g__Methanobrevibacter	s__Methanobrevibacter_smithii
d397196bfa47bdec1c110d0f613699bb	d__Bacteria	p__Actinobacteriota	c__Actinobacteria	o__Micrococcales	f__Micrococcaceae	g__Rothia	s__Rothia_nasimurium
8fbeff79690836f1930ae01c9f9f2574	d__Bacteria	p__Actinobacteriota	c__Actinobacteria	o__Micrococcales	f__Micrococcaceae	g__Rothia	s__Unknown
ac5c3eb8d10ec7f366c67f6ae649fcf7	d__Bacteria	p__Firmicutes	c__Clostridia	o__Monoglobales	f__Monoglobaceae	g__Monoglobus	s__Unknown
e8e714b2323d7d4facb67cdf440970ea	d__Bacteria	p__Proteobacteria	c__Gammaproteobacteria	o__Pseudomonadales	f__Moraxellaceae	g__Acinetobacter	s__Acinetobacter_guillouiae
8598e48473aadc968cfe5d65ad1be55c	d__Bacteria	p__Proteobacteria	c__Gammaproteobacteria	o__Pseudomonadales	f__Moraxellaceae	g__Moraxella	s__Unknown
f8fb9d0c84a519d2804977dcbd825f0e	d__Bacteria	p__Proteobacteria	c__Gammaproteobacteria	o__Enterobacterales	f__Morganellaceae	g__Proteus	s__Unknown
606f75c60f1252008aec19a1e12a5548	d__Bacteria	p__Proteobacteria	c__Gammaproteobacteria	o__Enterobacterales	f__Morganellaceae	g__Proteus	s__Unknown
0d60efa2f811507f2e7153b56c02ff18	d__Bacteria	p__Proteobacteria	c__Gammaproteobacteria	o__Enterobacterales	f__Morganellaceae	g__Proteus	s__Unknown
1b2355055372bc81e3aeddd0f69cc1fe	d__Bacteria	p__Bacteroidota	c__Bacteroidia	o__Bacteroidales	f__Muribaculaceae	g__CAG-873	s__Unknown
3cc3a372b346d38d5c710fd2fdf8f814	d__Bacteria	p__Bacteroidota	c__Bacteroidia	o__Bacteroidales	f__Muribaculaceae	g__CAG-873	s__Unknown
a59a546b338d2d8ccdf1b46ecdf02121	d__Bacteria	p__Bacteroidota	c__Bacteroidia	o__Bacteroidales	f__Muribaculaceae	g__Muribaculaceae	s__gut_metagenome
94b0930ac49fd13ccb8f91288293fd8d	d__Bacteria	p__Bacteroidota	c__Bacteroidia	o__Bacteroidales	f__Muribaculaceae	g__Muribaculaceae	s__gut_metagenome
26d4ee75f845e01b5127ecd5969d87db	d__Bacteria	p__Bacteroidota	c__Bacteroidia	o__Bacteroidales	f__Muribaculaceae	g__Muribaculaceae	s__Unknown
b9e2e57afed03a7fe8aa93503d119b5e	d__Bacteria	p__Bacteroidota	c__Bacteroidia	o__Bacteroidales	f__Muribaculaceae	g__Muribaculaceae	s__Unknown
66543c46f267ca942513782bf4d4c4bd	d__Bacteria	p__Bacteroidota	c__Bacteroidia	o__Bacteroidales	f__Muribaculaceae	g__Muribaculaceae	s__Unknown
ca5417041157cc02f8d45eb98887d32a	d__Bacteria	p__Bacteroidota	c__Bacteroidia	o__Bacteroidales	f__Muribaculaceae	g__Muribaculaceae	s__Unknown
e8e26483fe58eb97c802fb02537605e9	d__Bacteria	p__Bacteroidota	c__Bacteroidia	o__Bacteroidales	f__Muribaculaceae	g__Muribaculaceae	s__Unknown
7febebe4e657c6c5c94f63e403c7fbe2	d__Bacteria	p__Bacteroidota	c__Bacteroidia	o__Bacteroidales	f__Muribaculaceae	g__Muribaculaceae	s__Unknown
bc193a7b6d4c982c0ed3b9ab9fbe490a	d__Bacteria	p__Bacteroidota	c__Bacteroidia	o__Bacteroidales	f__Muribaculaceae	g__Muribaculaceae	s__Unknown
16b0b32fd1525ed01ebbde5c959133b6	d__Bacteria	p__Bacteroidota	c__Bacteroidia	o__Bacteroidales	f__Muribaculaceae	g__Muribaculaceae	s__Unknown
bb2b6ead27b1db040a6515db52128edf	d__Bacteria	p__Bacteroidota	c__Bacteroidia	o__Bacteroidales	f__Muribaculaceae	g__Muribaculaceae	s__Unknown
ebc1d2abb7cd922b1d1d2a036e08ec39	d__Bacteria	p__Bacteroidota	c__Bacteroidia	o__Bacteroidales	f__Muribaculaceae	g__Muribaculaceae	s__Unknown
d55012af6c29b40511ef2455119f7adb	d__Bacteria	p__Bacteroidota	c__Bacteroidia	o__Bacteroidales	f__Muribaculaceae	g__Muribaculaceae	s__Unknown
1affbd9e9a121bcd5ba6d1d1dd445293	d__Bacteria	p__Firmicutes	c__Clostridia	o__Oscillospirales	f__Oscillospiraceae	g__Colidextribacter	s__Unknown
607b6cd6a8b4af781646b1356deb9f69	d__Bacteria	p__Firmicutes	c__Clostridia	o__Oscillospirales	f__Oscillospiraceae	g__Flavonifractor	s__Unknown
a00ff0a18066954369398d58daf55c65	d__Bacteria	p__Firmicutes	c__Clostridia	o__Oscillospirales	f__Oscillospiraceae	g__Intestinimonas	s__Intestinimonas_butyriciproducens
2de9df4fc248acabc6f335c898355747	d__Bacteria	p__Firmicutes	c__Clostridia	o__Oscillospirales	f__Oscillospiraceae	g__Intestinimonas	s__Unknown
1871772af86f17e8d2f80f49154dd262	d__Bacteria	p__Firmicutes	c__Clostridia	o__Oscillospirales	f__Oscillospiraceae	g__Intestinimonas	s__Unknown
970dccb450351ea7ea3a39980f821359	d__Bacteria	p__Firmicutes	c__Clostridia	o__Oscillospirales	f__Oscillospiraceae	g__Intestinimonas	s__Unknown
875fe2f4a1339b0876a09e5e5d1a4b44	d__Bacteria	p__Firmicutes	c__Clostridia	o__Oscillospirales	f__Oscillospiraceae	g__Intestinimonas	s__Unknown
205c84120d73bd5f4afec96e10de3d85	d__Bacteria	p__Firmicutes	c__Clostridia	o__Oscillospirales	f__Oscillospiraceae	g__NK4A214_group	s__Lachnospiraceae_bacterium
b6ca57b9cf5e2d88922807a1cc3e237b	d__Bacteria	p__Firmicutes	c__Clostridia	o__Oscillospirales	f__Oscillospiraceae	g__NK4A214_group	s__metagenome
e3a1099d8cea861bd58be732d39bab8c	d__Bacteria	p__Firmicutes	c__Clostridia	o__Oscillospirales	f__Oscillospiraceae	g__NK4A214_group	s__Unknown
8d804d77348d0dd87f59304bc38642f1	d__Bacteria	p__Firmicutes	c__Clostridia	o__Oscillospirales	f__Oscillospiraceae	g__NK4A214_group	s__Unknown
0bbb660ca7322ddb187c4cabf8c8bb3c	d__Bacteria	p__Firmicutes	c__Clostridia	o__Oscillospirales	f__Oscillospiraceae	g__NK4A214_group	s__Unknown
53c6d160d3c18da1b892731b30db27e0	d__Bacteria	p__Firmicutes	c__Clostridia	o__Oscillospirales	f__Oscillospiraceae	g__NK4A214_group	s__Unknown
9c5d62fe48b855003788ac11d46caed1	d__Bacteria	p__Firmicutes	c__Clostridia	o__Oscillospirales	f__Oscillospiraceae	g__Oscillibacter	s__Unknown
4fd301d2c146f2d45170b7c1dfa3791f	d__Bacteria	p__Firmicutes	c__Clostridia	o__Oscillospirales	f__Oscillospiraceae	g__Oscillibacter	s__Unknown
0e865682aceeddb7765618deab3fe0d3	d__Bacteria	p__Firmicutes	c__Clostridia	o__Oscillospirales	f__Oscillospiraceae	g__Pseudoflavonifractor	s__Unknown
070d726240be0175f44bb39f2c548eac	d__Bacteria	p__Firmicutes	c__Clostridia	o__Oscillospirales	f__Oscillospiraceae	g__UCG-002	s__Unknown
1af89e0412a7ff7bb73ad842ace8022c	d__Bacteria	p__Firmicutes	c__Clostridia	o__Oscillospirales	f__Oscillospiraceae	g__UCG-002	s__Unknown
26207a351efe75cbfa09a30200441fb0	d__Bacteria	p__Firmicutes	c__Clostridia	o__Oscillospirales	f__Oscillospiraceae	g__UCG-002	s__Unknown
04b8458f4bfd4c1c9749a946c7f148ce	d__Bacteria	p__Firmicutes	c__Clostridia	o__Oscillospirales	f__Oscillospiraceae	g__UCG-002	s__Unknown
9f0c386ae5ed1e8a4cf60627eaef9738	d__Bacteria	p__Firmicutes	c__Clostridia	o__Oscillospirales	f__Oscillospiraceae	g__UCG-002	s__Unknown
2606640426c00471d8a01d947c969cc4	d__Bacteria	p__Firmicutes	c__Clostridia	o__Oscillospirales	f__Oscillospiraceae	g__UCG-002	s__Unknown
a83b7248da24535968bbbefb1b6ebdf7	d__Bacteria	p__Firmicutes	c__Clostridia	o__Oscillospirales	f__Oscillospiraceae	g__UCG-003	s__Unknown
4976626fb051f0d4d149b4f301cf4003	d__Bacteria	p__Firmicutes	c__Clostridia	o__Oscillospirales	f__Oscillospiraceae	g__UCG-005	s__Unknown
3bfeaab299e7da703c4a9a4063cbda33	d__Bacteria	p__Firmicutes	c__Clostridia	o__Oscillospirales	f__Oscillospiraceae	g__UCG-005	s__Unknown
9b8af1a14f38d0847355e1861357bc0e	d__Bacteria	p__Firmicutes	c__Clostridia	o__Oscillospirales	f__Oscillospiraceae	g__UCG-005	s__Unknown
97f287de3585ff318532f7154a848fee	d__Bacteria	p__Firmicutes	c__Clostridia	o__Oscillospirales	f__Oscillospiraceae	g__UCG-005	s__Unknown
d7ac8cda704968c3b98301c34b621621	d__Bacteria	p__Firmicutes	c__Clostridia	o__Oscillospirales	f__Oscillospiraceae	g__Unknown	s__Unknown
e28d652728d9579300fb3d2833f158a2	d__Bacteria	p__Firmicutes	c__Clostridia	o__Oscillospirales	f__Oscillospiraceae	g__Unknown	s__Unknown
ea380ff6799fc54b245acfc4365fafdc	d__Bacteria	p__Firmicutes	c__Clostridia	o__Oscillospirales	f__Oscillospiraceae	g__Unknown	s__Unknown
79709c1ee39f1ab078c884416504dd45	d__Bacteria	p__Firmicutes	c__Clostridia	o__Oscillospirales	f__Oscillospiraceae	g__Unknown	s__Unknown
11aee1cbe4da4f71248dceacab126506	d__Bacteria	p__Firmicutes	c__Clostridia	o__Oscillospirales	f__Oscillospiraceae	g__Unknown	s__Unknown
c565a3538c24875b4b73665b5858acbc	d__Bacteria	p__Firmicutes	c__Clostridia	o__Oscillospirales	f__Oscillospiraceae	g__Unknown	s__Unknown
9d8c376692e09de9da8ad5b704eb8c61	d__Bacteria	p__Firmicutes	c__Clostridia	o__Oscillospirales	f__Oscillospirales	g__Hydrogenoanaerobacterium	s__Selenomonadales_bacterium
3803287215328f86dff2586ba4714088	d__Bacteria	p__Proteobacteria	c__Gammaproteobacteria	o__Pasteurellales	f__Pasteurellaceae	g__Actinobacillus	s__[Actinobacillus]_rossii
52bf6712bf13549c932a73d86a74684f	d__Bacteria	p__Proteobacteria	c__Gammaproteobacteria	o__Pasteurellales	f__Pasteurellaceae	g__Actinobacillus	s__[Actinobacillus]_rossii
7d5d40e81c6118ff717c3d7a25bcddd0	d__Bacteria	p__Proteobacteria	c__Gammaproteobacteria	o__Pasteurellales	f__Pasteurellaceae	g__Actinobacillus	s__[Actinobacillus]_rossii
abbbcee5bbd28270f9ee0317bc6b75a5	d__Bacteria	p__Proteobacteria	c__Gammaproteobacteria	o__Pasteurellales	f__Pasteurellaceae	g__Actinobacillus	s__[Actinobacillus]_rossii
3921143496e5ecc4616789da0476bcf1	d__Bacteria	p__Proteobacteria	c__Gammaproteobacteria	o__Pasteurellales	f__Pasteurellaceae	g__Actinobacillus	s__Actinobacillus_indolicus
6debb232cc213faee1c2ef09e1479bed	d__Bacteria	p__Proteobacteria	c__Gammaproteobacteria	o__Pasteurellales	f__Pasteurellaceae	g__Actinobacillus	s__Actinobacillus_indolicus
9182ad96ddfc944692812e5c3cfeb1b4	d__Bacteria	p__Proteobacteria	c__Gammaproteobacteria	o__Pasteurellales	f__Pasteurellaceae	g__Actinobacillus	s__Actinobacillus_indolicus
abba05f06256028dc2451445be747999	d__Bacteria	p__Proteobacteria	c__Gammaproteobacteria	o__Pasteurellales	f__Pasteurellaceae	g__Actinobacillus	s__Actinobacillus_minor
71aab8a3eaa4a0eb9dc8dff846b14dcd	d__Bacteria	p__Proteobacteria	c__Gammaproteobacteria	o__Pasteurellales	f__Pasteurellaceae	g__Actinobacillus	s__Actinobacillus_porcinus
aac7a8b546f73af62d8242a05517ee42	d__Bacteria	p__Proteobacteria	c__Gammaproteobacteria	o__Pasteurellales	f__Pasteurellaceae	g__Actinobacillus	s__Actinobacillus_porcitonsillarum
3747d85e5fca214e2b14b72ea821a545	d__Bacteria	p__Proteobacteria	c__Gammaproteobacteria	o__Pasteurellales	f__Pasteurellaceae	g__Actinobacillus	s__Actinobacillus_porcitonsillarum
3024ad8d0e51a728e5bdcde3dd09187d	d__Bacteria	p__Proteobacteria	c__Gammaproteobacteria	o__Pasteurellales	f__Pasteurellaceae	g__Actinobacillus	s__Unknown
973d9828a12811499e1810c54698ed4d	d__Bacteria	p__Proteobacteria	c__Gammaproteobacteria	o__Pasteurellales	f__Pasteurellaceae	g__Actinobacillus	s__Unknown
b78523f9734fed001d85963ced1b6bc2	d__Bacteria	p__Proteobacteria	c__Gammaproteobacteria	o__Pasteurellales	f__Pasteurellaceae	g__Actinobacillus	s__Unknown
9dabea5d9e2f4dc306d05e7862cde8df	d__Bacteria	p__Proteobacteria	c__Gammaproteobacteria	o__Pasteurellales	f__Pasteurellaceae	g__Pasteurella	s__[Pasteurella]_aerogenes
748d09ab951107b80e081ad5e5fb3465	d__Bacteria	p__Firmicutes	c__Clostridia	o__Peptococcales	f__Peptococcaceae	g__Peptococcus	s__Unknown
8b867dec69e728f1045fbd5f53fb9995	d__Bacteria	p__Firmicutes	c__Clostridia	o__Peptococcales	f__Peptococcaceae	g__Unknown	s__Unknown
c8b1f00c5d887eb820a2788a1a69f2c4	d__Bacteria	p__Firmicutes	c__Clostridia	o__Peptostreptococcales-Tissierellales	f__Peptostreptococcaceae	g__Peptostreptococcus	s__Peptostreptococcus_sp.
dd5ce8d0b040693d540cb5aaf1b9fb3b	d__Bacteria	p__Firmicutes	c__Clostridia	o__Peptostreptococcales-Tissierellales	f__Peptostreptococcaceae	g__Romboutsia	s__Unknown
0a088091fa7dc8e6a3b88ed13b8785e7	d__Bacteria	p__Firmicutes	c__Clostridia	o__Peptostreptococcales-Tissierellales	f__Peptostreptococcaceae	g__Terrisporobacter	s__Unknown
001bdfba7da69f15678b990c86c6f61e	d__Bacteria	p__Firmicutes	c__Clostridia	o__Peptostreptococcales-Tissierellales	f__Peptostreptococcaceae	g__Terrisporobacter	s__Unknown
ae4856cae278ed9fd40765dc33cf9ae0	d__Bacteria	p__Firmicutes	c__Clostridia	o__Peptostreptococcales-Tissierellales	f__Peptostreptococcales-Tissierellales	g__Anaerococcus	s__Anaerococcus_prevotii
b0a9f3409474ada972f3d0c4c215f789	d__Bacteria	p__Firmicutes	c__Clostridia	o__Peptostreptococcales-Tissierellales	f__Peptostreptococcales-Tissierellales	g__Finegoldia	s__Finegoldia_magna
845634d716272c6fbcc995f1d9b6a34e	d__Bacteria	p__Firmicutes	c__Clostridia	o__Peptostreptococcales-Tissierellales	f__Peptostreptococcales-Tissierellales	g__Parvimonas	s__Unknown
17f1be6abcd3138dab565610a905f710	d__Bacteria	p__Firmicutes	c__Clostridia	o__Peptostreptococcales-Tissierellales	f__Peptostreptococcales-Tissierellales	g__Peptoniphilus	s__Peptoniphilus_indolicus
81d0d0a2b66bbf43b2104f1852da93ee	d__Bacteria	p__Firmicutes	c__Clostridia	o__Peptostreptococcales-Tissierellales	f__Peptostreptococcales-Tissierellales	g__Peptoniphilus	s__Unknown
f2e95100662acbc86b3757c2a9ae48c9	d__Bacteria	p__Bacteroidota	c__Bacteroidia	o__Bacteroidales	f__Porphyromonadaceae	g__Porphyromonas	s__Unknown
b9648d446b99e1895a1ca4d79b1086a3	d__Bacteria	p__Bacteroidota	c__Bacteroidia	o__Bacteroidales	f__Porphyromonadaceae	g__Porphyromonas	s__Unknown
f730c3dfb5109df14d4120c967e4c038	d__Bacteria	p__Bacteroidota	c__Bacteroidia	o__Bacteroidales	f__Prevotellaceae	g__Alloprevotella	s__Unknown
f835a4e5a379bc169a2f2e0b9cf72ca1	d__Bacteria	p__Bacteroidota	c__Bacteroidia	o__Bacteroidales	f__Prevotellaceae	g__Alloprevotella	s__Unknown
7c39402974317ace47825a23bb435094	d__Bacteria	p__Bacteroidota	c__Bacteroidia	o__Bacteroidales	f__Prevotellaceae	g__Alloprevotella	s__Unknown
5b5a07c21133322d29fb2c6a4a50b135	d__Bacteria	p__Bacteroidota	c__Bacteroidia	o__Bacteroidales	f__Prevotellaceae	g__Alloprevotella	s__Unknown
0ffdad504a4da692626b17a707c52ff0	d__Bacteria	p__Bacteroidota	c__Bacteroidia	o__Bacteroidales	f__Prevotellaceae	g__Alloprevotella	s__Unknown
8c7c09cdd05c1354a798dee3a648a79b	d__Bacteria	p__Bacteroidota	c__Bacteroidia	o__Bacteroidales	f__Prevotellaceae	g__Prevotella	s__gut_metagenome
d7e0695216352480fc73a77f0581ad14	d__Bacteria	p__Bacteroidota	c__Bacteroidia	o__Bacteroidales	f__Prevotellaceae	g__Prevotella	s__human_gut
2e003c30867c95c33a08b1f1eb64e141	d__Bacteria	p__Bacteroidota	c__Bacteroidia	o__Bacteroidales	f__Prevotellaceae	g__Prevotella	s__metagenome
49b6fb34bf64509d9b4c4e83cbeaf0cc	d__Bacteria	p__Bacteroidota	c__Bacteroidia	o__Bacteroidales	f__Prevotellaceae	g__Prevotella	s__Unknown
6d3c4af98ad0cfc8d29ec7f072bdb16b	d__Bacteria	p__Bacteroidota	c__Bacteroidia	o__Bacteroidales	f__Prevotellaceae	g__Prevotella	s__Unknown
b656eb1a06bf0de3a98db3c68977de10	d__Bacteria	p__Bacteroidota	c__Bacteroidia	o__Bacteroidales	f__Prevotellaceae	g__Prevotella	s__Unknown
c25f0a358316873259135dec59c75b55	d__Bacteria	p__Bacteroidota	c__Bacteroidia	o__Bacteroidales	f__Prevotellaceae	g__Prevotella	s__Unknown
182608bb06949dacfd23487ca7ff9ac6	d__Bacteria	p__Bacteroidota	c__Bacteroidia	o__Bacteroidales	f__Prevotellaceae	g__Prevotella	s__Unknown
d97a08823bbd2bce425078b1f200ee48	d__Bacteria	p__Bacteroidota	c__Bacteroidia	o__Bacteroidales	f__Prevotellaceae	g__Prevotellaceae_NK3B31_group	s__metagenome
d737556ddc70df7ef134a56cd379f665	d__Bacteria	p__Bacteroidota	c__Bacteroidia	o__Bacteroidales	f__Prevotellaceae	g__Prevotellaceae_NK3B31_group	s__metagenome
5baf431a48ff74e5bb43fc3a23379595	d__Bacteria	p__Bacteroidota	c__Bacteroidia	o__Bacteroidales	f__Prevotellaceae	g__Prevotellaceae_NK3B31_group	s__metagenome
0b62cc8109764284e9804b3fc7d7a1dc	d__Bacteria	p__Bacteroidota	c__Bacteroidia	o__Bacteroidales	f__Prevotellaceae	g__Prevotellaceae_UCG-003	s__Unknown
855c9cf8bb6fdc310bec5917b75f6195	d__Bacteria	p__Bacteroidota	c__Bacteroidia	o__Bacteroidales	f__Prevotellaceae	g__Unknown	s__Unknown
99015187ca4e58613453a32fd0d85a90	d__Bacteria	p__Bacteroidota	c__Bacteroidia	o__Bacteroidales	f__Rikenellaceae	g__Alistipes	s__Bacteroides_sp.
09ac9f9a3095c6b0202fb6a60c219513	d__Bacteria	p__Bacteroidota	c__Bacteroidia	o__Bacteroidales	f__Rikenellaceae	g__Rikenellaceae_RC9_gut_group	s__Unknown
1d5f7672f3c9583866c600279702c5e8	d__Bacteria	p__Bacteroidota	c__Bacteroidia	o__Bacteroidales	f__Rikenellaceae	g__Rikenellaceae_RC9_gut_group	s__Unknown
bb202becf80d63fa7ce5864768e3c7fb	d__Bacteria	p__Bacteroidota	c__Bacteroidia	o__Bacteroidales	f__Rikenellaceae	g__Rikenellaceae_RC9_gut_group	s__Unknown
37689ea1a105176e371084eb6471ede6	d__Bacteria	p__Bacteroidota	c__Bacteroidia	o__Bacteroidales	f__Rikenellaceae	g__Rikenellaceae_RC9_gut_group	s__Unknown
2202658df8c13698db34c1801a5d7b66	d__Bacteria	p__Bacteroidota	c__Bacteroidia	o__Bacteroidales	f__Rikenellaceae	g__Rikenellaceae_RC9_gut_group	s__Unknown
70df25cebc5de743e50e65979919993c	d__Bacteria	p__Bacteroidota	c__Bacteroidia	o__Bacteroidales	f__Rikenellaceae	g__Rikenellaceae_RC9_gut_group	s__Unknown
90b1f12add8b30e9df1fc3d7edc9ce0a	d__Bacteria	p__Bacteroidota	c__Bacteroidia	o__Bacteroidales	f__Rikenellaceae	g__Rikenellaceae_RC9_gut_group	s__Unknown
87e04c689c6e6f576a3a04c311503f11	d__Bacteria	p__Bacteroidota	c__Bacteroidia	o__Bacteroidales	f__Rikenellaceae	g__Rikenellaceae_RC9_gut_group	s__Unknown
62a99b1072b9dc115c030ab98c5d62ea	d__Bacteria	p__Firmicutes	c__Clostridia	o__Oscillospirales	f__Ruminococcaceae	g__Fournierella	s__Unknown
6f66ba6136d57699381f1c63c3057277	d__Bacteria	p__Firmicutes	c__Clostridia	o__Oscillospirales	f__Ruminococcaceae	g__Incertae_Sedis	s__Unknown
c937fd736d7e6210f52b259f4833aacb	d__Bacteria	p__Firmicutes	c__Clostridia	o__Oscillospirales	f__Ruminococcaceae	g__Negativibacillus	s__Unknown
0546bf802f89bc8490c882ebddf4a99f	d__Bacteria	p__Firmicutes	c__Clostridia	o__Oscillospirales	f__Ruminococcaceae	g__Ruminococcus	s__bacterium_ic1277
b9fb3aa156f4276b73da9df65ee51af3	d__Bacteria	p__Firmicutes	c__Clostridia	o__Oscillospirales	f__Ruminococcaceae	g__Subdoligranulum	s__Unknown
869fda8897f2f547a218fa03f8a9d7d3	d__Bacteria	p__Firmicutes	c__Clostridia	o__Oscillospirales	f__Ruminococcaceae	g__Subdoligranulum	s__Unknown
f2735c286490a71c359f4d5db6bdd217	d__Bacteria	p__Firmicutes	c__Clostridia	o__Oscillospirales	f__Ruminococcaceae	g__Subdoligranulum	s__Unknown
ba0596067c4e680406c82c4baa296538	d__Bacteria	p__Firmicutes	c__Clostridia	o__Oscillospirales	f__Ruminococcaceae	g__Subdoligranulum	s__Unknown
6b7f23e2f0e5f0e8347de4c3712f99a2	d__Bacteria	p__Firmicutes	c__Clostridia	o__Oscillospirales	f__Ruminococcaceae	g__Subdoligranulum	s__Unknown
99d00583feb5d05770061c5ad101bfbe	d__Bacteria	p__Firmicutes	c__Clostridia	o__Oscillospirales	f__Ruminococcaceae	g__Subdoligranulum	s__Unknown
5291006ef2427233f10df0b5ca786a79	d__Bacteria	p__Firmicutes	c__Clostridia	o__Oscillospirales	f__Ruminococcaceae	g__UBA1819	s__Unknown
8ba4aec2b71129d4ca1fbf9585f7e6a9	d__Bacteria	p__Firmicutes	c__Clostridia	o__Oscillospirales	f__Ruminococcaceae	g__Unknown	s__gut_metagenome
dfaa193dce6612bd58bf865326805c71	d__Bacteria	p__Firmicutes	c__Clostridia	o__Oscillospirales	f__Ruminococcaceae	g__Unknown	s__Unknown
ae04cb0faf37447cf9f658891fdb79b3	d__Bacteria	p__Patescibacteria	c__Saccharimonadia	o__Saccharimonadales	f__Saccharimonadales	g__Saccharimonadales	s__TM7_phylum
4d5c24856e332ec87bb6d6b5da85c781	d__Bacteria	p__Firmicutes	c__Bacilli	o__Staphylococcales	f__Staphylococcaceae	g__Staphylococcus	s__Staphylococcus_simulans
49eec6afa75d38552a9f6d9e888a85ae	d__Bacteria	p__Firmicutes	c__Bacilli	o__Staphylococcales	f__Staphylococcaceae	g__Staphylococcus	s__Staphylococcus_simulans
ee2d0e227854e8ff73ad43051ec0116b	d__Bacteria	p__Firmicutes	c__Bacilli	o__Staphylococcales	f__Staphylococcaceae	g__Staphylococcus	s__Unknown
e78e5f2da35541c9f7bd1f942c1b4f7d	d__Bacteria	p__Firmicutes	c__Bacilli	o__Staphylococcales	f__Staphylococcaceae	g__Staphylococcus	s__Unknown
415018a6c07ba447531a746d881dfdb7	d__Bacteria	p__Firmicutes	c__Bacilli	o__Lactobacillales	f__Streptococcaceae	g__Streptococcus	s__Streptococcus_hyointestinalis
75be58d231f9589c374a4f6f8ffc07e6	d__Bacteria	p__Firmicutes	c__Bacilli	o__Lactobacillales	f__Streptococcaceae	g__Streptococcus	s__Streptococcus_orisratti
949622ab4b3221196d2e37d14679c4b1	d__Bacteria	p__Firmicutes	c__Bacilli	o__Lactobacillales	f__Streptococcaceae	g__Streptococcus	s__Streptococcus_ovis
402b0cc750741c52e347267b5f574ae7	d__Bacteria	p__Firmicutes	c__Bacilli	o__Lactobacillales	f__Streptococcaceae	g__Streptococcus	s__Streptococcus_suis
863baabe1481f5f03d1272ce4b32bbcc	d__Bacteria	p__Firmicutes	c__Bacilli	o__Lactobacillales	f__Streptococcaceae	g__Streptococcus	s__Unknown
da3fd1a55a332ea87aa1da2b633d54b2	d__Bacteria	p__Firmicutes	c__Bacilli	o__Lactobacillales	f__Streptococcaceae	g__Streptococcus	s__Unknown
88259001e1d324cbe2e020c56a3df7b1	d__Bacteria	p__Firmicutes	c__Bacilli	o__Lactobacillales	f__Streptococcaceae	g__Streptococcus	s__Unknown
06d47d29566a80ad868da7e026b9a0db	d__Bacteria	p__Firmicutes	c__Bacilli	o__Lactobacillales	f__Streptococcaceae	g__Streptococcus	s__Unknown
441931b4b249dfc9074e730d95048115	d__Bacteria	p__Firmicutes	c__Bacilli	o__Lactobacillales	f__Streptococcaceae	g__Streptococcus	s__Unknown
88cf0999014d8e6efd01f9f091e1c2f4	d__Bacteria	p__Firmicutes	c__Bacilli	o__Lactobacillales	f__Streptococcaceae	g__Streptococcus	s__Unknown
3960f0864976f7a79ea638566f628084	d__Bacteria	p__Proteobacteria	c__Gammaproteobacteria	o__Burkholderiales	f__Sutterellaceae	g__Sutterella	s__Unknown
d89f50e84c7e6e2644badb9a4af2d87b	d__Bacteria	p__Proteobacteria	c__Gammaproteobacteria	o__Burkholderiales	f__Sutterellaceae	g__Sutterella	s__Unknown
d7f53c17c4f6c7810e4f63234cf9d064	d__Bacteria	p__Proteobacteria	c__Gammaproteobacteria	o__Burkholderiales	f__Sutterellaceae	g__Sutterella	s__Unknown
d95ece56860221019a2d090f4440fa33	d__Bacteria	p__Bacteroidota	c__Bacteroidia	o__Bacteroidales	f__Tannerellaceae	g__Parabacteroides	s__Parabacteroides_distasonis
ac371e96764d010b52dbf307105e2d03	d__Bacteria	p__Bacteroidota	c__Bacteroidia	o__Bacteroidales	f__Tannerellaceae	g__Parabacteroides	s__Parabacteroides_distasonis
6fc939f99006232d98b18a2ad5a1d5e8	d__Bacteria	p__Bacteroidota	c__Bacteroidia	o__Bacteroidales	f__Tannerellaceae	g__Parabacteroides	s__Parabacteroides_distasonis
3ec9a72eea2934c7e20bf5e3840b3935	d__Bacteria	p__Bacteroidota	c__Bacteroidia	o__Bacteroidales	f__Tannerellaceae	g__Parabacteroides	s__Parabacteroides_merdae
d09d588bb9a720cd575a5827c56a7839	d__Bacteria	p__Bacteroidota	c__Bacteroidia	o__Bacteroidales	f__Tannerellaceae	g__Parabacteroides	s__Parabacteroides_merdae
fe407612d5ade8cb0eb8cade5b1beafb	d__Bacteria	p__Bacteroidota	c__Bacteroidia	o__Bacteroidales	f__Tannerellaceae	g__Parabacteroides	s__Unknown
7a5edcf8b53b10bffe50fc0dd973f61c	d__Bacteria	p__Bacteroidota	c__Bacteroidia	o__Bacteroidales	f__Tannerellaceae	g__Parabacteroides	s__Unknown
d63cc081a22c6b10e3039bcf1002a9e0	d__Bacteria	p__Bacteroidota	c__Bacteroidia	o__Bacteroidales	f__Tannerellaceae	g__Parabacteroides	s__Unknown
ca2a769dcf9bb61d57fa2930767e2561	d__Bacteria	p__Bacteroidota	c__Bacteroidia	o__Bacteroidales	f__Tannerellaceae	g__Parabacteroides	s__Unknown
293512d7cf9f0dde7304f461328444b5	d__Bacteria	p__Firmicutes	c__Clostridia	o__Oscillospirales	f__UCG-010	g__UCG-010	s__Unknown
6eb9356987bd006399e30379e1bc1158	d__Bacteria	p__Firmicutes	c__Clostridia	o__Oscillospirales	f__UCG-010	g__UCG-010	s__Unknown
5ed410c8a79aaeb1f0754a096e5a455f	d__Bacteria	p__Firmicutes	c__Clostridia	o__Oscillospirales	f__UCG-010	g__UCG-010	s__Unknown
700adbdb1dda39870feef609da8b71ec	d__Bacteria	p__Firmicutes	c__Negativicutes	o__Veillonellales-Selenomonadales	f__Veillonellaceae	g__Megasphaera	s__Megasphaera_elsdenii
dbf0e2490858808347448b92d64163da	d__Bacteria	p__Firmicutes	c__Negativicutes	o__Veillonellales-Selenomonadales	f__Veillonellaceae	g__Veillonella	s__Veillonella_caviae
